"","word","n"
"1","design",114
"2","experience",64
"3","web",56
"4","user",54
"5","team",35
"6","creative",32
"7","ui",31
"8","development",29
"9","marketing",24
"10","product",24
"11","ux",23
"12","designer",21
"13","skills",21
"14","type",21
"15","knowledge",19
"16","digital",18
"17","technology",18
"18","time",18
"19","visual",18
"20","business",17
"21","graphic",17
"22","data",16
"23","html",16
"24","interface",16
"25","developers",15
"26","project",15
"27","clients",14
"28","management",14
"29","software",14
"30","based",13
"31","creating",13
"32","medical",13
"33","communication",12
"34","content",12
"35","create",12
"36","experiences",12
"37","including",12
"38","opportunity",12
"39","ability",11
"40","company",11
"41","css",11
"42","customer",11
"43","industry",11
"44","portfolio",11
"45","practices",11
"46","adobe",10
"47","designs",10
"48","environment",10
"49","interaction",10
"50","interfaces",10
"51","javascript",10
"52","join",10
"53","mobile",10
"54","products",10
"55","projects",10
"56","solutions",10
"57","understanding",10
"58","usability",10
"59","applications",9
"60","candidate",9
"61","education",9
"62","illustrator",9
"63","multiple",9
"64","online",9
"65","produce",9
"66","related",9
"67","requirements",9
"68","services",9
"69","application",8
"70","cloud",8
"71","designing",8
"72","education:bachelor'srequired",8
"73","email",8
"74","employer",8
"75","ideas",8
"76","imaging",8
"77","insurance",8
"78","media",8
"79","print",8
"80","provide",8
"81","salary",8
"82","strong",8
"83","style",8
"84","vision",8
"85","agency",7
"86","benefits",7
"87","closely",7
"88","communicate",7
"89","degree",7
"90","dental",7
"91","designers",7
"92","developer",7
"93","direction",7
"94","driven",7
"95","enterprise",7
"96","job",7
"97","leading",7
"98","mission",7
"99","photoshop",7
"100","position",7
"101","quality",7
"102","responsive",7
"103","role",7
"104","talented",7
"105","technical",7
"106","technologies",7
"107","testing",7
"108","timejob",7
"109","timerequired",7
"110","trends",7
"111","website",7
"112","websites",7
"113","complex",6
"114","computer",6
"115","corporate",6
"116","deployed",6
"117","ensure",6
"118","fast",6
"119","front",6
"120","innovative",6
"121","intuitive",6
"122","layout",6
"123","life",6
"124","material",6
"125","offer",6
"126","opportunities",6
"127","provider",6
"128","required",6
"129","responsibilities",6
"130","resume",6
"131","sharing",6
"132","site",6
"133","solution",6
"134","success",6
"135","suite",6
"136","techtrend",6
"137","wide",6
"138","wireframes",6
"139","agile",5
"140","analytics",5
"141","android",5
"142","app",5
"143","building",5
"144","client",5
"145","collaborative",5
"146","collaboratively",5
"147","competitive",5
"148","cover",5
"149","covered",5
"150","days",5
"151","delivery",5
"152","develop",5
"153","developing",5
"154","diego",5
"155","employee",5
"156","employees",5
"157","experience:web",5
"158","focused",5
"159","fun",5
"160","grow",5
"161","growing",5
"162","health",5
"163","human",5
"164","ideal",5
"165","include",5
"166","indesign",5
"167","layouts",5
"168","letter",5
"169","maintaining",5
"170","modern",5
"171","multimedia",5
"172","news",5
"173","organization",5
"174","partner",5
"175","principles",5
"176","professional",5
"177","prototypes",5
"178","social",5
"179","teams",5
"180","understand",5
"181","week",5
"182","actionable",4
"183","art",4
"184","attention",4
"185","avantlink",4
"186","barriers",4
"187","brand",4
"188","build",4
"189","candidates",4
"190","christian",4
"191","companies",4
"192","concepts",4
"193","consistent",4
"194","continuous",4
"195","cost",4
"196","critical",4
"197","devices",4
"198","director",4
"199","effective",4
"200","elements",4
"201","equal",4
"202","erp",4
"203","expertise",4
"204","eye",4
"205","feedback",4
"206","framework",4
"207","government",4
"208","guidelines",4
"209","hands",4
"210","highly",4
"211","individual",4
"212","information",4
"213","internal",4
"214","ios",4
"215","jquery",4
"216","labs",4
"217","learn",4
"218","level",4
"219","love",4
"220","maintain",4
"221","mockups",4
"222","models",4
"223","native",4
"224","nicopure",4
"225","nucleushealth",4
"226","offering",4
"227","office",4
"228","organizational",4
"229","paid",4
"230","passion",4
"231","people",4
"232","php",4
"233","platforms",4
"234","premium",4
"235","process",4
"236","research",4
"237","responsible",4
"238","screen",4
"239","seek",4
"240","seeking",4
"241","service",4
"242","solving",4
"243","specifications",4
"244","standards",4
"245","statrad",4
"246","strategic",4
"247","strategy",4
"248","test",4
"249","top",4
"250","typography",4
"251","unique",4
"252","vacation",4
"253","world",4
"254","addition",3
"255","ahoy",3
"256","analytical",3
"257","angular",3
"258","apply",3
"259","bootstrap",3
"260","branding",3
"261","brands",3
"262","centered",3
"263","challenging",3
"264","code",3
"265","collaborate",3
"266","collaboration",3
"267","color",3
"268","comfortable",3
"269","comprehensive",3
"270","continue",3
"271","contract",3
"272","current",3
"273","customers",3
"274","daily",3
"275","deliver",3
"276","detail",3
"277","distributed",3
"278","econtext",3
"279","edweek.org",3
"280","effectively",3
"281","emphasis",3
"282","encouraged",3
"283","enjoy",3
"284","entire",3
"285","equivalent",3
"286","established",3
"287","excellent",3
"288","excited",3
"289","exciting",3
"290","experience:graphic",3
"291","experience:ui",3
"292","facing",3
"293","founded",3
"294","functional",3
"295","goals",3
"296","growth",3
"297","guides",3
"298","heavy",3
"299","helping",3
"300","huge",3
"301","idisciple",3
"302","impact",3
"303","implementation",3
"304","includes",3
"305","internet",3
"306","journalism",3
"307","language",3
"308","lead",3
"309","libraries",3
"310","located",3
"311","madcap",3
"312","materials",3
"313","meet",3
"314","multi",3
"315","offers",3
"316","offices",3
"317","oriented",3
"318","paced",3
"319","package",3
"320","peers",3
"321","performance",3
"322","plan",3
"323","plans",3
"324","positive",3
"325","presence",3
"326","presentations",3
"327","pride",3
"328","primary",3
"329","priorities",3
"330","providing",3
"331","range",3
"332","record",3
"333","removing",3
"334","resources",3
"335","respect",3
"336","results",3
"337","robust",3
"338","sales",3
"339","san",3
"340","science",3
"341","scrum",3
"342","send",3
"343","serve",3
"344","setting",3
"345","similar",3
"346","sites",3
"347","sketch",3
"348","skillsmust",3
"349","sprint",3
"350","studies",3
"351","tasks",3
"352","techniques",3
"353","timesalary",3
"354","tools",3
"355","trusted",3
"356","users",3
"357","variety",3
"358","visualization",3
"359","written",3
"360","youre",3
"361","academic",2
"362","active",2
"363","address",2
"364","aesthetic",2
"365","aesthetics",2
"366","agencies",2
"367","aid",2
"368","amount",2
"369","annual",2
"370","approach",2
"371","approachesparticipate",2
"372","apps",2
"373","architecture",2
"374","are:longstreet",2
"375","artistic",2
"376","arts",2
"377","aspects",2
"378","assets",2
"379","atlanta",2
"380","audience",2
"381","authoring",2
"382","automate",2
"383","autonomously",2
"384","axure",2
"385","azure",2
"386","basics",2
"387","box",2
"388","bridge",2
"389","bridges",2
"390","browser",2
"391","buy",2
"392","carequired",2
"393","challenged",2
"394","challenges",2
"395","change",2
"396","charge",2
"397","citizenship",2
"398","citizenwork",2
"399","class",2
"400","coffee",2
"401","collaborating",2
"402","commensurate",2
"403","commerce",2
"404","commercial",2
"405","communitiesjob",2
"406","completion",2
"407","concept",2
"408","constructive",2
"409","continually",2
"410","contribute",2
"411","conventions",2
"412","core",2
"413","coverage",2
"414","create.job",2
"415","crm",2
"416","cross",2
"417","culturewe",2
"418","cutting",2
"419","cycle",2
"420","d.c",2
"421","deadline",2
"422","deck",2
"423","delivering",2
"424","demonstrating",2
"425","descriptionas",2
"426","descriptionnucleushealth",2
"427","disability",2
"428","discussions.technologythe",2
"429","diverse",2
"430","documentation",2
"431","downtown",2
"432","drive",2
"433","duties",2
"434","dynamic",2
"435","edge",2
"436","editorial",2
"437","efficiency",2
"438","embrace",2
"439","embracing",2
"440","emerge",2
"441","emerging",2
"442","enable",2
"443","engaging",2
"444","engine",2
"445","enhancements",2
"446","ensuring",2
"447","entrepreneurial",2
"448","equity",2
"449","evolve",2
"450","evolving",2
"451","existing",2
"452","expand",2
"453","expert",2
"454","features",2
"455","feedbacknice",2
"456","fidelity",2
"457","field",2
"458","fields",2
"459","findings",2
"460","fine",2
"461","fl",2
"462","forming",2
"463","foundation",2
"464","freedom",2
"465","fresh",2
"466","frontiers",2
"467","fruits",2
"468","functions",2
"469","future",2
"470","gaining",2
"471","gap",2
"472","generous",2
"473","git",2
"474","global",2
"475","globally",2
"476","goal",2
"477","grasp",2
"478","guidance",2
"479","guide",2
"480","healthcare",2
"481","healthy",2
"482","helped",2
"483","holidays",2
"484","house",2
"485","identifying",2
"486","identity",2
"487","il",2
"488","image",2
"489","implement",2
"490","implementing",2
"491","improve",2
"492","improvements",2
"493","incentive",2
"494","independent",2
"495","infrastructure",2
"496","initiative",2
"497","insights",2
"498","inspiration",2
"499","integrate",2
"500","integrated",2
"501","interactions",2
"502","interactive",2
"503","international",2
"504","involved",2
"505","issues",2
"506","joins",2
"507","keeping",2
"508","kitchen",2
"509","leader",2
"510","leaders",2
"511","leadskey",2
"512","led",2
"513","leverage",2
"514","leveraging",2
"515","liaison",2
"516","lieu",2
"517","lifecycle",2
"518","limited",2
"519","link",2
"520","list",2
"521","local",2
"522","location:chicago",2
"523","location:san",2
"524","manage",2
"525","managing",2
"526","markets",2
"527","matter",2
"528","mature",2
"529","maximizing",2
"530","message",2
"531","meteor",2
"532","metro",2
"533","microsites",2
"534","microsoft",2
"535","mid",2
"536","mind",2
"537","mongodb",2
"538","monitoring",2
"539","motivated",2
"540","move",2
"541","nice",2
"542","node.js",2
"543","noted",2
"544","offered",2
"545","opinion",2
"546","options",2
"547","overviewin",2
"548","owners",2
"549","ownership",2
"550","passionate",2
"551","patterns",2
"552","permanent",2
"553","person",2
"554","personas",2
"555","philosophy",2
"556","pioneer",2
"557","place.benefitsweve",2
"558","planning",2
"559","platforms.work",2
"560","platformscreate",2
"561","plus.experience",2
"562","policy",2
"563","possess",2
"564","powered",2
"565","preferableclearance",2
"566","preferably",2
"567","preferredjob",2
"568","previous",2
"569","proactive",2
"570","processes",2
"571","production",2
"572","productivity",2
"573","productsgreat",2
"574","proficiency",2
"575","profile",2
"576","proper",2
"577","prototyping",2
"578","pto",2
"579","publishing",2
"580","pushing",2
"581","qualifications",2
"582","quickly",2
"583","radconnect",2
"584","real",2
"585","receive",2
"586","reingold",2
"587","relationships",2
"588","release",2
"589","requires",2
"590","resource",2
"591","responsibilitiescollaborate",2
"592","responsibility",2
"593","retirement",2
"594","reviews",2
"595","revolutionize",2
"596","sass",2
"597","satisfaction",2
"598","scalable",2
"599","scenarios",2
"600","school",2
"601","search",2
"602","security",2
"603","segments",2
"604","senior",2
"605","sessionskeep",2
"606","shared",2
"607","simple",2
"608","sketchdefine",2
"609","sketches",2
"610","sketchiterate",2
"611","solid",2
"612","solve",2
"613","specificationscollaborate",2
"614","stake",2
"615","stand",2
"616","starter",2
"617","stick",2
"618","stories",2
"619","storyboards",2
"620","successful",2
"621","systems",2
"622","teammates",2
"623","techtrend's",2
"624","teleradiology",2
"625","templates",2
"626","tenant",2
"627","thriving",2
"628","to:define",2
"629","track",2
"630","trade",2
"631","traffic",2
"632","tremendous",2
"633","typescriptexperience",2
"634","typically",2
"635","u.s",2
"636","unit",2
"637","usable",2
"638","utilizing",2
"639","verbal",2
"640","veterans",2
"641","vibrant",2
"642","video",2
"643","virginiatravel",2
"644","voice",2
"645","washington",2
"646","waymust",2
"647","wide.job",2
"648","wordpress",2
"649","work.job",2
"650","workflowswrite",2
"651","workspaces",2
"652","xml",2
"653","yearrequired",2
"654","yearsux",2
"655","youll",2
"656","abilities",1
"657","abilitieswireframes",1
"658","abreast",1
"659","accessability",1
"660","accessibility",1
"661","account",1
"662","accredited",1
"663","accurate",1
"664","accurately",1
"665","achieved",1
"666","aci",1
"667","acp",1
"668","act",1
"669","action",1
"670","actual",1
"671","adapt",1
"672","adaptive",1
"673","adding",1
"674","additional",1
"675","adhere",1
"676","adjacent",1
"677","adopt",1
"678","ads",1
"679","adsui",1
"680","advancement",1
"681","advertising",1
"682","affairs.reingold",1
"683","affect",1
"684","affirmative",1
"685","afraid",1
"686","ago",1
"687","alexandria",1
"688","align",1
"689","allowing",1
"690","alpharetta",1
"691","ambitious",1
"692","american",1
"693","americas",1
"694","analysis",1
"695","analysisproven",1
"696","analytics.company",1
"697","angeles",1
"698","angularjs",1
"699","api",1
"700","apis",1
"701","apisexperience",1
"702","apisfanatical",1
"703","apmg",1
"704","appealing",1
"705","appearance",1
"706","applicants:full",1
"707","applicationcreate",1
"708","applications.able",1
"709","applicationsindependent",1
"710","apply.job",1
"711","appropriate.qualifications",1
"712","approved",1
"713","approximately",1
"714","architecturecompetency",1
"715","archive",1
"716","areaauthorized",1
"717","arent",1
"718","arlington",1
"719","artists",1
"720","asp",1
"721","assigned.requirements",1
"722","assignments",1
"723","assist",1
"724","assistancemust",1
"725","assumptions",1
"726","assurance",1
"727","attentive",1
"728","attire",1
"729","attitude",1
"730","attitudetechnical",1
"731","audiences",1
"732","authorization",1
"733","authors",1
"734","automated",1
"735","aws",1
"736","bachelor's",1
"737","bachelors",1
"738","backend",1
"739","backlog",1
"740","bacon",1
"741","balance",1
"742","balsamiq",1
"743","banner",1
"744","bases",1
"745","basis",1
"746","basisskills",1
"747","bb",1
"748","beautiful",1
"749","beauty",1
"750","benefit",1
"751","benefitsmedical",1
"752","bethesda",1
"753","bfa",1
"754","blocker",1
"755","bonus",1
"756","boundaries",1
"757","branding.will",1
"758","breakfast",1
"759","bright",1
"760","broad",1
"761","brochures",1
"762","browsers.dictate",1
"763","bs",1
"764","budgetability",1
"765","built",1
"766","bureau",1
"767","cabinets",1
"768","cabinets.com",1
"769","called",1
"770","calls",1
"771","campaign",1
"772","capital",1
"773","cards",1
"774","career",1
"775","carnegie",1
"776","casual",1
"777","census",1
"778","centric",1
"779","certificateat",1
"780","certificationmba",1
"781","challenge",1
"782","champion",1
"783","channels",1
"784","channelsdesigning",1
"785","chicago",1
"786","chicago.youwere",1
"787","chunks",1
"788","clarity",1
"789","clean",1
"790","clients.for",1
"791","clientsbachelors",1
"792","clientsopportunities",1
"793","codebase",1
"794","codeenforcing",1
"795","coding",1
"796","codingexperience",1
"797","cohesion",1
"798","collaborator",1
"799","collateral",1
"800","collection",1
"801","collegial",1
"802","com.requirements:currently",1
"803","combination",1
"804","commerce.we",1
"805","committed",1
"806","commonly",1
"807","communicating",1
"808","communicationdesigning",1
"809","communications",1
"810","communicationsmust",1
"811","community.now",1
"812","companies.if",1
"813","companyqualifications",1
"814","companys",1
"815","compared",1
"816","compatibility",1
"817","compelling",1
"818","completed",1
"819","complexity",1
"820","complianceexperience",1
"821","comps.strong",1
"822","compscreating",1
"823","compsolution",1
"824","conceptsknowledge",1
"825","conceptsself",1
"826","conceptualization",1
"827","conceptualize",1
"828","conducting",1
"829","conscious",1
"830","considered",1
"831","consistency",1
"832","constantly",1
"833","consumer",1
"834","consumers",1
"835","contact",1
"836","contentwrites",1
"837","contributed",1
"838","contributes",1
"839","contributions",1
"840","contributor",1
"841","convey",1
"842","coordinate",1
"843","copywriterstrong",1
"844","correction",1
"845","courses",1
"846","covey",1
"847","creation",1
"848","creativemust",1
"849","creativity",1
"850","creator",1
"851","crescent",1
"852","criteria",1
"853","criticismteam",1
"854","crowd",1
"855","cssbe",1
"856","cssdeep",1
"857","cssexcellent",1
"858","cssexperience",1
"859","cssjob",1
"860","cultivate",1
"861","culture",1
"862","curation",1
"863","curious",1
"864","custom",1
"865","dashboards",1
"866","database",1
"867","datarequirements",1
"868","date.researching",1
"869","day",1
"870","daysjob",1
"871","deadlines",1
"872","deadlinesability",1
"873","deadlinesfoundation",1
"874","debugging",1
"875","decision",1
"876","dedicated",1
"877","dedication",1
"878","deductible",1
"879","deep",1
"880","deeply",1
"881","define",1
"882","defined",1
"883","defining",1
"884","definition",1
"885","del",1
"886","deliverableseffortlessly",1
"887","delivers",1
"888","demands",1
"889","demo",1
"890","demonstrable",1
"891","department",1
"892","departments",1
"893","departments.detail",1
"894","deploy",1
"895","depth",1
"896","description",1
"897","description:cabinets.com",1
"898","design.ability",1
"899","design.expertise",1
"900","designa",1
"901","designability",1
"902","designdefine",1
"903","designer.this",1
"904","designerdesired",1
"905","designerlocation",1
"906","designermiddle",1
"907","designersexperience",1
"908","designexperience",1
"909","designminimum",1
"910","designproficiency",1
"911","designs.work",1
"912","designsactively",1
"913","designsdetermines",1
"914","desirable",1
"915","desktop",1
"916","detail.ability",1
"917","detail.familiarity",1
"918","detailbachelor's",1
"919","details.key",1
"920","determine",1
"921","developed",1
"922","developmentcomfort",1
"923","developmentwriting",1
"924","device",1
"925","digitalexperience",1
"926","direct",1
"927","directionmust",1
"928","directly",1
"929","directorassist",1
"930","directorpartner",1
"931","disciplinary",1
"932","discount",1
"933","discovered",1
"934","discretion",1
"935","discussing",1
"936","dishes",1
"937","distance",1
"938","documents",1
"939","dot",1
"940","drafts",1
"941","dream",1
"942","e.g",1
"943","eager",1
"944","ealbert",1
"945","easy",1
"946","ebooks",1
"947","ecommerce",1
"948","editing",1
"949","education:bachelor's",1
"950","education:high",1
"951","education:master'srequired",1
"952","edweek.org.education",1
"953","eeo",1
"954","effectivelyability",1
"955","effects",1
"956","efficacy",1
"957","efficient",1
"958","effort",1
"959","efforts",1
"960","elyse",1
"961","emails",1
"962","embark",1
"963","employer.job",1
"964","employment",1
"965","employment.employer",1
"966","employment.health",1
"967","encourage",1
"968","encourages",1
"969","engineering",1
"970","engineers",1
"971","enhance",1
"972","environmentability",1
"973","environmentmust",1
"974","environmentrequirements",1
"975","environments",1
"976","environmentsdemonstrated",1
"977","environmentski",1
"978","environmentsstrong",1
"979","environmentyou",1
"980","epe",1
"981","epics",1
"982","equivalentrequired",1
"983","essential",1
"984","estimate",1
"985","estimates",1
"986","etc.ideal",1
"987","etc.solid",1
"988","ethic",1
"989","ethicexperienced",1
"990","evaluates",1
"991","evangelize",1
"992","evangelizes",1
"993","evo",1
"994","exceeds",1
"995","excellence",1
"996","excellenceyou",1
"997","exceptionally",1
"998","executing",1
"999","execution",1
"1000","executivescollaborate",1
"1001","executivescreate",1
"1002","expectations",1
"1003","experience:bachelors",1
"1004","experience:html",1
"1005","experience:mobile",1
"1006","experience:product",1
"1007","experience:professional",1
"1008","experience:user",1
"1009","experiencecandidates",1
"1010","experienced",1
"1011","experiencefluency",1
"1012","experiencemust",1
"1013","experienceother",1
"1014","experienceproven",1
"1015","experiences.what",1
"1016","experienceseffective",1
"1017","experiencework",1
"1018","experts",1
"1019","expertsability",1
"1020","explore",1
"1021","express",1
"1022","extend",1
"1023","extensive",1
"1024","external",1
"1025","factors",1
"1026","familiarity",1
"1027","favorite",1
"1028","fax",1
"1029","feasibility",1
"1030","feature",1
"1031","featured",1
"1032","federal",1
"1033","feedback.performing",1
"1034","feel",1
"1035","fieldjob",1
"1036","file",1
"1037","files",1
"1038","filled",1
"1039","final",1
"1040","finger",1
"1041","fireworks",1
"1042","firm",1
"1043","flawless",1
"1044","flexibility",1
"1045","flexible",1
"1046","flow",1
"1047","flows",1
"1048","flu",1
"1049","flyersexperience",1
"1050","foldgers",1
"1051","food",1
"1052","food.benefitswe",1
"1053","foods",1
"1054","forward",1
"1055","fostered",1
"1056","fostering",1
"1057","free",1
"1058","freelance",1
"1059","fricompany",1
"1060","friendly",1
"1061","fringe",1
"1062","ft",1
"1063","fulfill",1
"1064","function",1
"1065","functionality",1
"1066","functionality.responsibilities:conduct",1
"1067","funded",1
"1068","gaming",1
"1069","garequired",1
"1070","garments",1
"1071","gather",1
"1072","ge",1
"1073","generation",1
"1074","georgia",1
"1075","getterjob",1
"1076","github",1
"1077","gitlab.familiarity",1
"1078","goalsimprove",1
"1079","gold",1
"1080","goofing",1
"1081","google",1
"1082","grabbing",1
"1083","graphical",1
"1084","ground",1
"1085","grown",1
"1086","growthqualifications:strong",1
"1087","guide.assist",1
"1088","guidelineswhat",1
"1089","guidesassists",1
"1090","gurus",1
"1091","gym",1
"1092","halo",1
"1093","hand",1
"1094","handle",1
"1095","handouts",1
"1096","happen",1
"1097","hard",1
"1098","hardworking",1
"1099","harm",1
"1100","have.skills",1
"1101","haves",1
"1102","havesummary",1
"1103","helps",1
"1104","hire",1
"1105","hiring",1
"1106","hit",1
"1107","holiday",1
"1108","holidaysreally",1
"1109","hours",1
"1110","hoursira",1
"1111","hp",1
"1112","hq",1
"1113","hsa",1
"1114","htmlknowledge",1
"1115","humble",1
"1116","hundreds",1
"1117","hungry",1
"1118","hunt",1
"1119","i.e",1
"1120","icagile",1
"1121","iconographyproduces",1
"1122","ideas.exceptional",1
"1123","identification",1
"1124","identify",1
"1125","illustrations",1
"1126","imaginative",1
"1127","implementationprovide",1
"1128","implementationworks",1
"1129","improved",1
"1130","improvement",1
"1131","in:creating",1
"1132","include:generous",1
"1133","included",1
"1134","incoming",1
"1135","incredible",1
"1136","independently",1
"1137","indesignparticipate",1
"1138","indesignstrong",1
"1139","indexes",1
"1140","individually",1
"1141","industry.if",1
"1142","industrys",1
"1143","infinite",1
"1144","info.com",1
"1145","infographics",1
"1146","initial",1
"1147","initiation",1
"1148","initiatives",1
"1149","inman",1
"1150","innovation",1
"1151","insist",1
"1152","inspirationbreak",1
"1153","insurance.opportunities",1
"1154","integration",1
"1155","integrationknowledgeable",1
"1156","interact",1
"1157","interaction.a",1
"1158","interactionexperience",1
"1159","interacts",1
"1160","interdisciplinary",1
"1161","interfaces.strong",1
"1162","interfacesdeep",1
"1163","interfacesexperience",1
"1164","intermediate",1
"1165","interpersonal",1
"1166","interviews",1
"1167","intranets",1
"1168","investing",1
"1169","investment",1
"1170","invision",1
"1171","invite",1
"1172","items",1
"1173","iteration",1
"1174","java",1
"1175","javascriptfamiliarity",1
"1176","job.job",1
"1177","jobskeep",1
"1178","journalism.we",1
"1179","journeys",1
"1180","jr",1
"1181","js",1
"1182","junior",1
"1183","kalbachemail",1
"1184","key",1
"1185","kits",1
"1186","knit",1
"1187","knowledge.good",1
"1188","kthe",1
"1189","landscape",1
"1190","language:english",1
"1191","language:korean",1
"1192","largest",1
"1193","largethe",1
"1194","laser",1
"1195","lastly",1
"1196","launching",1
"1197","leads.researching",1
"1198","learning",1
"1199","letterhead",1
"1200","level:bs",1
"1201","levels",1
"1202","leveraged",1
"1203","limit",1
"1204","line",1
"1205","liquid",1
"1206","liquids",1
"1207","listed",1
"1208","listening",1
"1209","llc",1
"1210","llcidisciple",1
"1211","location",1
"1212","location:atlanta",1
"1213","location:bethesda",1
"1214","location:medford",1
"1215","location:warwick",1
"1216","locationarlington",1
"1217","lockheed",1
"1218","logos",1
"1219","longstreetsolutions",1
"1220","los",1
"1221","lots",1
"1222","madcaps",1
"1223","maintenancestay",1
"1224","makes",1
"1225","makingmotivation",1
"1226","manager",1
"1227","managers",1
"1228","managestrong",1
"1229","manuals",1
"1230","manufacturer",1
"1231","market",1
"1232","marketers",1
"1233","marketingexperience",1
"1234","marketinghours",1
"1235","marketingminimum",1
"1236","marketplace",1
"1237","marketproactive",1
"1238","martin",1
"1239","matchingmedical",1
"1240","mavens",1
"1241","md",1
"1242","mdrequired",1
"1243","measure",1
"1244","medford",1
"1245","media.minimum",1
"1246","medium",1
"1247","meeting",1
"1248","meets",1
"1249","mellon",1
"1250","members.basic",1
"1251","memberscollaborate",1
"1252","membersstrong",1
"1253","metasearch",1
"1254","methodologies.additional",1
"1255","methodologies.strong",1
"1256","methodologyfamiliarity",1
"1257","methods",1
"1258","metricskeep",1
"1259","metrun",1
"1260","million",1
"1261","millions",1
"1262","mind.maintain",1
"1263","minded",1
"1264","minimal",1
"1265","minimum",1
"1266","ministries",1
"1267","mockups.take",1
"1268","mockupsexperience",1
"1269","mon",1
"1270","monthly",1
"1271","monthrequired",1
"1272","more.we",1
"1273","music",1
"1274","mvc",1
"1275","navigate",1
"1276","navigation",1
"1277","neededmaintain",1
"1278","needs.to",1
"1279","neighborhood",1
"1280","network",1
"1281","newly",1
"1282","newsroom",1
"1283","nfl",1
"1284","node",1
"1285","nodejsexperience",1
"1286","nonprofit",1
"1287","nontechnical",1
"1288","notable",1
"1289","notch",1
"1290","note",1
"1291","nurture",1
"1292","object",1
"1293","objective",1
"1294","objectives.participate",1
"1295","objectives.some",1
"1296","objectivesrequirements",1
"1297","offerability",1
"1298","offjob",1
"1299","offline",1
"1300","omnigraffle",1
"1301","ongoing",1
"1302","operation",1
"1303","operations",1
"1304","opportunitiesproactively",1
"1305","optimization",1
"1306","optimize",1
"1307","optimized",1
"1308","oral",1
"1309","organization.awareness",1
"1310","organization.flexible",1
"1311","organized",1
"1312","orientedability",1
"1313","othersyou",1
"1314","outingsjob",1
"1315","outlined",1
"1316","outstanding",1
"1317","oversee",1
"1318","overviewthe",1
"1319","owned",1
"1320","owner",1
"1321","ownershipresearch",1
"1322","packages",1
"1323","packagesjob",1
"1324","page",1
"1325","pages",1
"1326","pagesdesigning",1
"1327","pagesyour",1
"1328","pain",1
"1329","papercomfortable",1
"1330","park",1
"1331","parking.job",1
"1332","partial",1
"1333","partnering",1
"1334","partners",1
"1335","partnership",1
"1336","partnerships",1
"1337","party",1
"1338","passescompetitive",1
"1339","patented",1
"1340","patternsactively",1
"1341","pdf",1
"1342","pdfs",1
"1343","peer",1
"1344","perceive",1
"1345","perform",1
"1346","personal",1
"1347","personalized",1
"1348","perspective",1
"1349","phone",1
"1350","photoshop.retouching",1
"1351","photoshopexperience",1
"1352","phpdemonstrated",1
"1353","pipeline",1
"1354","pivotal",1
"1355","pixel",1
"1356","pizza",1
"1357","placement",1
"1358","planptofederal",1
"1359","plansserver",1
"1360","platform",1
"1361","platforms.working",1
"1362","player",1
"1363","plays",1
"1364","please.qualified",1
"1365","plus.although",1
"1366","plus.candidates",1
"1367","plus.interest",1
"1368","plus.salary",1
"1369","plus.technical",1
"1370","plus.the",1
"1371","plusbasic",1
"1372","plusexperience",1
"1373","points:demonstrated",1
"1374","policies",1
"1375","policy.dress",1
"1376","possesses",1
"1377","postgresexperience",1
"1378","potential",1
"1379","powerful",1
"1380","practical",1
"1381","practicalityyou",1
"1382","practiceproactively",1
"1383","practicesan",1
"1384","practicesexcellent",1
"1385","pre",1
"1386","precision",1
"1387","precisionui",1
"1388","preferred.at",1
"1389","preferred.working",1
"1390","preferredability",1
"1391","premiumsvacation",1
"1392","preparation",1
"1393","presentation",1
"1394","principlescurrent",1
"1395","principlesfamiliarity",1
"1396","principlesgenerates",1
"1397","principlesthis",1
"1398","printed",1
"1399","privately",1
"1400","procedures",1
"1401","processability",1
"1402","production.essential",1
"1403","productionstrong",1
"1404","products.develop",1
"1405","productsbig",1
"1406","profession",1
"1407","professionally.eoejob",1
"1408","professionals.the",1
"1409","program",1
"1410","programmed",1
"1411","programming",1
"1412","projects.key",1
"1413","projectsexcellent",1
"1414","projectswork",1
"1415","promote",1
"1416","promoting",1
"1417","proprietary",1
"1418","prototype",1
"1419","provided",1
"1420","providers",1
"1421","psdsbe",1
"1422","public",1
"1423","published",1
"1424","purpose",1
"1425","push",1
"1426","qualcomm",1
"1427","qualificationsb.s",1
"1428","quality.with",1
"1429","quantify",1
"1430","quick",1
"1431","quickly.the",1
"1432","quickly.what",1
"1433","rapid",1
"1434","ray",1
"1435","reach",1
"1436","ready",1
"1437","recent",1
"1438","recognize",1
"1439","recommendations",1
"1440","redesign",1
"1441","reduction.what",1
"1442","refactoring",1
"1443","refine",1
"1444","refreshes",1
"1445","region",1
"1446","releaseexperience",1
"1447","reliable",1
"1448","relied",1
"1449","relocate",1
"1450","remote",1
"1451","remove",1
"1452","report",1
"1453","reports",1
"1454","requestsmonitor",1
"1455","required:must",1
"1456","required.demonstrable",1
"1457","required.experience",1
"1458","required.job",1
"1459","required.proficiency",1
"1460","requiredhtml",1
"1461","requirement",1
"1462","requirement.epe",1
"1463","requirements.duties",1
"1464","requirementsdeliver",1
"1465","requirementsless",1
"1466","requirementus",1
"1467","research.translate",1
"1468","resource's",1
"1469","resourceful",1
"1470","responsibilities:own",1
"1471","restful",1
"1472","retailer",1
"1473","retrospective",1
"1474","return",1
"1475","reusablework",1
"1476","revamp",1
"1477","ri",1
"1478","rich",1
"1479","rider",1
"1480","rig",1
"1481","roadmaps",1
"1482","roadmapsstrong",1
"1483","roleas",1
"1484","rolejob",1
"1485","roles",1
"1486","rolesdemonstrated",1
"1487","run",1
"1488","running",1
"1489","running.qualifications",1
"1490","sacramento",1
"1491","salaryflexible",1
"1492","sale",1
"1493","sample",1
"1494","samples",1
"1495","sane",1
"1496","sass.strong",1
"1497","savants",1
"1498","scalability",1
"1499","scale",1
"1500","schedules.free",1
"1501","scheme",1
"1502","scm",1
"1503","scope",1
"1504","scott",1
"1505","scripting",1
"1506","scss",1
"1507","sdlc",1
"1508","section",1
"1509","secure",1
"1510","seeks",1
"1511","select",1
"1512","selected",1
"1513","sense",1
"1514","sensibilities",1
"1515","services.we",1
"1516","sessions",1
"1517","set",1
"1518","shaped",1
"1519","shaping",1
"1520","share",1
"1521","sharp",1
"1522","sheets",1
"1523","shift",1
"1524","shot.free",1
"1525","showcase",1
"1526","sick",1
"1527","similar.familiarity",1
"1528","simultaneous",1
"1529","simultaneously.experience",1
"1530","simultaneouslycontinually",1
"1531","siteconceives",1
"1532","sites.responsibilities",1
"1533","sitesphoto",1
"1534","size",1
"1535","sizes",1
"1536","sketchexcellent",1
"1537","skill",1
"1538","skills.prior",1
"1539","skillscreative",1
"1540","skillsdemonstrated",1
"1541","skillsexcellent",1
"1542","skillsexperience",1
"1543","skillsinnate",1
"1544","skillsjob",1
"1545","skillsphotoshop",1
"1546","skillspmi",1
"1547","skillsproven",1
"1548","skillstakes",1
"1549","sky's",1
"1550","slice",1
"1551","smart",1
"1552","softwareexperience",1
"1553","solutions.creating",1
"1554","solutions.team",1
"1555","solutionsability",1
"1556","solutionsparticipate",1
"1557","solvers",1
"1558","sounds",1
"1559","source",1
"1560","space",1
"1561","speakers",1
"1562","specialize",1
"1563","specializing",1
"1564","specific",1
"1565","specifically",1
"1566","specification.translate.com",1
"1567","specificationscreate",1
"1568","specificationsworks",1
"1569","spending",1
"1570","sprints",1
"1571","sql",1
"1572","sqlite",1
"1573","sr",1
"1574","stack",1
"1575","staff",1
"1576","staff.idisciple",1
"1577","stage",1
"1578","stakeholders",1
"1579","standard",1
"1580","standardswho",1
"1581","standing",1
"1582","stands",1
"1583","start",1
"1584","startup",1
"1585","static",1
"1586","stay",1
"1587","store",1
"1588","storiescreate",1
"1589","storiesrequirementsportfolio",1
"1590","storytelling.we",1
"1591","strength",1
"1592","stretch",1
"1593","strive",1
"1594","structure",1
"1595","structureflexibility",1
"1596","studying",1
"1597","subject",1
"1598","submit",1
"1599","subscriber.in",1
"1600","subscription",1
"1601","subsidiary",1
"1602","suburb",1
"1603","subway",1
"1604","succeed",1
"1605","suitea",1
"1606","suiteskills",1
"1607","supercharged",1
"1608","supervisionexcellent",1
"1609","support",1
"1610","supportive",1
"1611","sustainability",1
"1612","swiftmobile",1
"1613","symfony",1
"1614","synthesize",1
"1615","systems.ba",1
"1616","systems.work",1
"1617","systemsbonus",1
"1618","table",1
"1619","tablet",1
"1620","tablets",1
"1621","tacos",1
"1622","tailored",1
"1623","talents",1
"1624","talk",1
"1625","tampa",1
"1626","target",1
"1627","task",1
"1628","taskeradvanced",1
"1629","tasting",1
"1630","tdd",1
"1631","tea.free",1
"1632","teach",1
"1633","team.analyzing",1
"1634","team.please",1
"1635","teamcreate",1
"1636","teammust",1
"1637","teamsite",1
"1638","teamwork",1
"1639","technologies.desired",1
"1640","technologiesstrong",1
"1641","technologiesunquestionable",1
"1642","technologypreferred",1
"1643","telecommuters",1
"1644","telework",1
"1645","templatesmanagement",1
"1646","temporary",1
"1647","term",1
"1648","terminal",1
"1649","theme",1
"1650","theoretical",1
"1651","theory.responsibilities",1
"1652","thinking",1
"1653","thirst",1
"1654","thrive",1
"1655","tier",1
"1656","tight",1
"1657","timelines",1
"1658","timesheets",1
"1659","timethe",1
"1660","title",1
"1661","tobacco",1
"1662","toolkit",1
"1663","tools.experience",1
"1664","tools.research",1
"1665","toolsknowledge",1
"1666","topics",1
"1667","total",1
"1668","totally",1
"1669","touch",1
"1670","tracking",1
"1671","trail",1
"1672","transform",1
"1673","translate",1
"1674","translate.coms",1
"1675","translating",1
"1676","translations",1
"1677","translators",1
"1678","travel",1
"1679","treatment",1
"1680","trinity",1
"1681","tutorials",1
"1682","types",1
"1683","typescript",1
"1684","typographic",1
"1685","uc",1
"1686","ucd",1
"1687","uimobile",1
"1688","united",1
"1689","universities",1
"1690","university",1
"1691","unlock",1
"1692","unmet",1
"1693","unrestricted",1
"1694","updates",1
"1695","upper",1
"1696","us.please",1
"1697","usabilitydevelop",1
"1698","usecontext",1
"1699","usediligent",1
"1700","users.our",1
"1701","usescomprehensive",1
"1702","utah",1
"1703","uxa",1
"1704","uxcomfortable",1
"1705","validate",1
"1706","vaping",1
"1707","vcs",1
"1708","versatile",1
"1709","vesting",1
"1710","viable",1
"1711","views",1
"1712","virginia",1
"1713","visitors",1
"1714","visualizations",1
"1715","visualizationswhat",1
"1716","walking",1
"1717","website.ability",1
"1718","website.create",1
"1719","website.test",1
"1720","webstrong",1
"1721","weeks",1
"1722","well.must",1
"1723","whitepapers",1
"1724","whole.who",1
"1725","win",1
"1726","windows",1
"1727","wireframe",1
"1728","worlds",1
"1729","writing",1
"1730","www.elambs.com",1
"1731","www.madcapsoftware.com.no",1
"1732","xd",1
"1733","xhtml",1
"1734","year.responsibilities:executing",1
"1735","yearcss",1
"1736","yearhtml",1
"1737","yearjob",1
"1738","years:fluent",1
"1739","yearsrequired",1
"1740","yearssolid",1
"1741","yearweb",1
